{
	"ui": {
		"title": "Guess the Highlighted State",
		"score": "Score",
		"question": "Question",
		"regionUs": "US states",
		"regionEu": "Europe countries",
		"regionNl": "Netherlands provinces",
		"quizState": "States",
		"quizCapital": "Capitals",
		"modeChoice": "Multiple choice",
		"modeClick": "Click on map",
		"state": "state",
		"province": "province",
		"country": "country",
		"loading": "Loading map…",
		"loadFail": "Failed to load map data.",
		"loadLocalFail": "Failed to load local data.",
		"allAnswered": "All answered!",
		"promptCapital": "Which capital is highlighted?",
		"promptState": "Which {thing} is highlighted?",
		"correct": "Correct!",
		"notQuiteState": "Not quite — it was {state}.",
		"notQuiteCapital": "Not quite — it was {capital} ({state}).",
		"wrongClickState": "Wrong — you clicked {clicked}. It was {state}.",
		"wrongClickCapital": "Wrong — you clicked {clicked}. It was {state} (capital {capital})."
	},
	"states": {
		"Alabama": "Alabama",
		"Alaska": "Alaska",
		"Arizona": "Arizona",
		"Arkansas": "Arkansas",
		"California": "California",
		"Colorado": "Colorado",
		"Connecticut": "Connecticut",
		"Delaware": "Delaware",
		"District of Columbia": "District of Columbia",
		"Florida": "Florida",
		"Georgia": "Georgia",
		"Hawaii": "Hawaii",
		"Idaho": "Idaho",
		"Illinois": "Illinois",
		"Indiana": "Indiana",
		"Iowa": "Iowa",
		"Kansas": "Kansas",
		"Kentucky": "Kentucky",
		"Louisiana": "Louisiana",
		"Maine": "Maine",
		"Maryland": "Maryland",
		"Massachusetts": "Massachusetts",
		"Michigan": "Michigan",
		"Minnesota": "Minnesota",
		"Mississippi": "Mississippi",
		"Missouri": "Missouri",
		"Montana": "Montana",
		"Nebraska": "Nebraska",
		"Nevada": "Nevada",
		"New Hampshire": "New Hampshire",
		"New Jersey": "New Jersey",
		"New Mexico": "New Mexico",
		"New York": "New York",
		"North Carolina": "North Carolina",
		"North Dakota": "North Dakota",
		"Ohio": "Ohio",
		"Oklahoma": "Oklahoma",
		"Oregon": "Oregon",
		"Pennsylvania": "Pennsylvania",
		"Rhode Island": "Rhode Island",
		"South Carolina": "South Carolina",
		"South Dakota": "South Dakota",
		"Tennessee": "Tennessee",
		"Texas": "Texas",
		"Utah": "Utah",
		"Vermont": "Vermont",
		"Virginia": "Virginia",
		"Washington": "Washington",
		"West Virginia": "West Virginia",
		"Wisconsin": "Wisconsin",
		"Wyoming": "Wyoming"
	},
	"countries": {
		"Albania": "Albania",
		"Andorra": "Andorra",
		"Armenia": "Armenia",
		"Austria": "Austria",
		"Azerbaijan": "Azerbaijan",
		"Belarus": "Belarus",
		"Belgium": "Belgium",
		"Bosnia and Herzegovina": "Bosnia and Herzegovina",
		"Bulgaria": "Bulgaria",
		"Croatia": "Croatia",
		"Cyprus": "Cyprus",
		"Czechia": "Czechia",
		"Denmark": "Denmark",
		"Estonia": "Estonia",
		"Finland": "Finland",
		"France": "France",
		"Georgia": "Georgia",
		"Germany": "Germany",
		"Greece": "Greece",
		"Hungary": "Hungary",
		"Iceland": "Iceland",
		"Ireland": "Ireland",
		"Italy": "Italy",
		"Kosovo": "Kosovo",
		"Latvia": "Latvia",
		"Liechtenstein": "Liechtenstein",
		"Lithuania": "Lithuania",
		"Luxembourg": "Luxembourg",
		"Malta": "Malta",
		"Moldova": "Moldova",
		"Monaco": "Monaco",
		"Montenegro": "Montenegro",
		"Netherlands": "Netherlands",
		"North Macedonia": "North Macedonia",
		"Norway": "Norway",
		"Poland": "Poland",
		"Portugal": "Portugal",
		"Romania": "Romania",
		"Russia": "Russia",
		"San Marino": "San Marino",
		"Serbia": "Serbia",
		"Slovakia": "Slovakia",
		"Slovenia": "Slovenia",
		"Spain": "Spain",
		"Sweden": "Sweden",
		"Switzerland": "Switzerland",
		"Turkey": "Turkey",
		"Ukraine": "Ukraine",
		"United Kingdom": "United Kingdom",
		"Vatican City": "Vatican City",
		"Vatican": "Vatican City",
		"Holy See": "Vatican City"
	},
	"provinces": {
		"Drenthe": "Drenthe",
		"Flevoland": "Flevoland",
		"Fryslân": "Friesland",
		"Fryslan": "Friesland",
		"Gelderland": "Gelderland",
		"Groningen": "Groningen",
		"Limburg": "Limburg",
		"Noord-Brabant": "North Brabant",
		"Noord-Holland": "North Holland",
		"Overijssel": "Overijssel",
		"Utrecht": "Utrecht",
		"Zeeland": "Zeeland",
		"Zuid-Holland": "South Holland"
	},
	"capitals": {
		"Montgomery": "Montgomery",
		"Juneau": "Juneau",
		"Phoenix": "Phoenix",
		"Little Rock": "Little Rock",
		"Sacramento": "Sacramento",
		"Denver": "Denver",
		"Hartford": "Hartford",
		"Dover": "Dover",
		"Washington": "Washington",
		"Tallahassee": "Tallahassee",
		"Atlanta": "Atlanta",
		"Honolulu": "Honolulu",
		"Boise": "Boise",
		"Springfield": "Springfield",
		"Indianapolis": "Indianapolis",
		"Des Moines": "Des Moines",
		"Topeka": "Topeka",
		"Frankfort": "Frankfort",
		"Baton Rouge": "Baton Rouge",
		"Augusta": "Augusta",
		"Annapolis": "Annapolis",
		"Boston": "Boston",
		"Lansing": "Lansing",
		"Saint Paul": "Saint Paul",
		"Jackson": "Jackson",
		"Jefferson City": "Jefferson City",
		"Helena": "Helena",
		"Lincoln": "Lincoln",
		"Carson City": "Carson City",
		"Concord": "Concord",
		"Trenton": "Trenton",
		"Santa Fe": "Santa Fe",
		"Albany": "Albany",
		"Raleigh": "Raleigh",
		"Bismarck": "Bismarck",
		"Columbus": "Columbus",
		"Oklahoma City": "Oklahoma City",
		"Salem": "Salem",
		"Harrisburg": "Harrisburg",
		"Providence": "Providence",
		"Columbia": "Columbia",
		"Pierre": "Pierre",
		"Nashville": "Nashville",
		"Austin": "Austin",
		"Salt Lake City": "Salt Lake City",
		"Montpelier": "Montpelier",
		"Richmond": "Richmond",
		"Olympia": "Olympia",
		"Charleston": "Charleston",
		"Madison": "Madison",
		"Cheyenne": "Cheyenne",
		"Tirana": "Tirana",
		"Andorra la Vella": "Andorra la Vella",
		"Yerevan": "Yerevan",
		"Vienna": "Vienna",
		"Baku": "Baku",
		"Minsk": "Minsk",
		"Brussels": "Brussels",
		"Sarajevo": "Sarajevo",
		"Sofia": "Sofia",
		"Zagreb": "Zagreb",
		"Nicosia": "Nicosia",
		"Prague": "Prague",
		"Copenhagen": "Copenhagen",
		"Tallinn": "Tallinn",
		"Helsinki": "Helsinki",
		"Paris": "Paris",
		"Tbilisi": "Tbilisi",
		"Berlin": "Berlin",
		"Athens": "Athens",
		"Budapest": "Budapest",
		"Reykjavik": "Reykjavik",
		"Dublin": "Dublin",
		"Rome": "Rome",
		"Pristina": "Pristina",
		"Riga": "Riga",
		"Vaduz": "Vaduz",
		"Vilnius": "Vilnius",
		"Luxembourg": "Luxembourg",
		"Valletta": "Valletta",
		"Chisinau": "Chisinau",
		"Monaco": "Monaco",
		"Podgorica": "Podgorica",
		"Amsterdam": "Amsterdam",
		"Skopje": "Skopje",
		"Oslo": "Oslo",
		"Warsaw": "Warsaw",
		"Lisbon": "Lisbon",
		"Bucharest": "Bucharest",
		"Moscow": "Moscow",
		"Belgrade": "Belgrade",
		"Bratislava": "Bratislava",
		"Ljubljana": "Ljubljana",
		"Madrid": "Madrid",
		"Stockholm": "Stockholm",
		"Bern": "Bern",
		"Ankara": "Ankara",
		"Kyiv": "Kyiv",
		"London": "London",
		"Vatican City": "Vatican City",
		"Assen": "Assen",
		"Lelystad": "Lelystad",
		"Leeuwarden": "Leeuwarden",
		"Arnhem": "Arnhem",
		"Groningen": "Groningen",
		"Maastricht": "Maastricht",
		"'s-Hertogenbosch": "'s-Hertogenbosch",
		"Haarlem": "Haarlem",
		"Zwolle": "Zwolle",
		"Utrecht": "Utrecht",
		"Middelburg": "Middelburg",
		"The Hague": "The Hague"
	}
}
