{
	"bounds": {
		"minLon": 26,
		"maxLon": 180,
		"minLat": -10,
		"maxLat": 75
	},
	"center": {
		"lat": 30,
		"lon": 100
	},
	"countries": [
		"afghanistan",
		"armenia",
		"azerbaijan",
		"bahrain",
		"bangladesh",
		"bhutan",
		"brunei",
		"cambodia",
		"china",
		"east timor",
		"timor-leste",
		"georgia",
		"india",
		"indonesia",
		"iran",
		"iraq",
		"israel",
		"japan",
		"jordan",
		"kazakhstan",
		"kuwait",
		"kyrgyzstan",
		"laos",
		"lebanon",
		"malaysia",
		"maldives",
		"mongolia",
		"myanmar",
		"nepal",
		"north korea",
		"oman",
		"pakistan",
		"palestine",
		"philippines",
		"qatar",
		"saudi arabia",
		"singapore",
		"south korea",
		"sri lanka",
		"syria",
		"taiwan",
		"tajikistan",
		"thailand",
		"turkey",
		"turkmenistan",
		"united arab emirates",
		"uzbekistan",
		"vietnam",
		"yemen"
	],
	"microCountries": [
		"singapore",
		"bahrain",
		"maldives",
		"brunei"
	],
	"capitals": {
		"Afghanistan": { "capital": "Kabul", "lat": 34.5553, "lon": 69.2075 },
		"Armenia": { "capital": "Yerevan", "lat": 40.1872, "lon": 44.5152 },
		"Azerbaijan": { "capital": "Baku", "lat": 40.4093, "lon": 49.8671 },
		"Bahrain": { "capital": "Manama", "lat": 26.2285, "lon": 50.5860 },
		"Bangladesh": { "capital": "Dhaka", "lat": 23.8103, "lon": 90.4125 },
		"Bhutan": { "capital": "Thimphu", "lat": 27.4728, "lon": 89.6393 },
		"Brunei": { "capital": "Bandar Seri Begawan", "lat": 4.9031, "lon": 114.9398 },
		"Cambodia": { "capital": "Phnom Penh", "lat": 11.5564, "lon": 104.9282 },
		"China": { "capital": "Beijing", "lat": 39.9042, "lon": 116.4074 },
		"East Timor": { "capital": "Dili", "lat": -8.5569, "lon": 125.5603 },
		"Georgia": { "capital": "Tbilisi", "lat": 41.7151, "lon": 44.8271 },
		"India": { "capital": "New Delhi", "lat": 28.6139, "lon": 77.2090 },
		"Indonesia": { "capital": "Jakarta", "lat": -6.2088, "lon": 106.8456 },
		"Iran": { "capital": "Tehran", "lat": 35.6892, "lon": 51.3890 },
		"Iraq": { "capital": "Baghdad", "lat": 33.3152, "lon": 44.3661 },
		"Israel": { "capital": "Jerusalem", "lat": 31.7683, "lon": 35.2137 },
		"Japan": { "capital": "Tokyo", "lat": 35.6762, "lon": 139.6503 },
		"Jordan": { "capital": "Amman", "lat": 31.9454, "lon": 35.9284 },
		"Kazakhstan": { "capital": "Astana", "lat": 51.1694, "lon": 71.4491 },
		"Kuwait": { "capital": "Kuwait City", "lat": 29.3759, "lon": 47.9774 },
		"Kyrgyzstan": { "capital": "Bishkek", "lat": 42.8746, "lon": 74.5698 },
		"Laos": { "capital": "Vientiane", "lat": 17.9757, "lon": 102.6331 },
		"Lebanon": { "capital": "Beirut", "lat": 33.8886, "lon": 35.4955 },
		"Malaysia": { "capital": "Kuala Lumpur", "lat": 3.1390, "lon": 101.6869 },
		"Maldives": { "capital": "Male", "lat": 4.1755, "lon": 73.5093 },
		"Mongolia": { "capital": "Ulaanbaatar", "lat": 47.8864, "lon": 106.9057 },
		"Myanmar": { "capital": "Naypyidaw", "lat": 19.7633, "lon": 96.0785 },
		"Nepal": { "capital": "Kathmandu", "lat": 27.7172, "lon": 85.3240 },
		"North Korea": { "capital": "Pyongyang", "lat": 39.0392, "lon": 125.7625 },
		"Oman": { "capital": "Muscat", "lat": 23.5880, "lon": 58.3829 },
		"Pakistan": { "capital": "Islamabad", "lat": 33.6844, "lon": 73.0479 },
		"Palestine": { "capital": "Ramallah", "lat": 31.9073, "lon": 35.2034 },
		"Philippines": { "capital": "Manila", "lat": 14.5995, "lon": 120.9842 },
		"Qatar": { "capital": "Doha", "lat": 25.2854, "lon": 51.5310 },
		"Saudi Arabia": { "capital": "Riyadh", "lat": 24.7136, "lon": 46.6753 },
		"Singapore": { "capital": "Singapore", "lat": 1.3521, "lon": 103.8198 },
		"South Korea": { "capital": "Seoul", "lat": 37.5665, "lon": 126.9780 },
		"Sri Lanka": { "capital": "Colombo", "lat": 6.9271, "lon": 79.8612 },
		"Syria": { "capital": "Damascus", "lat": 33.5138, "lon": 36.2765 },
		"Taiwan": { "capital": "Taipei", "lat": 25.0330, "lon": 121.5654 },
		"Tajikistan": { "capital": "Dushanbe", "lat": 38.5598, "lon": 68.7738 },
		"Thailand": { "capital": "Bangkok", "lat": 13.7563, "lon": 100.5018 },
		"Turkey": { "capital": "Ankara", "lat": 39.9334, "lon": 32.8597 },
		"Turkmenistan": { "capital": "Ashgabat", "lat": 37.9601, "lon": 58.3261 },
		"United Arab Emirates": { "capital": "Abu Dhabi", "lat": 24.4539, "lon": 54.3773 },
		"Uzbekistan": { "capital": "Tashkent", "lat": 41.2995, "lon": 69.2401 },
		"Vietnam": { "capital": "Hanoi", "lat": 21.0285, "lon": 105.8542 },
		"Yemen": { "capital": "Sanaa", "lat": 15.5527, "lon": 44.2075 }
	}
}
