{
    "countryToContinentMap": {
        "United States of America": "na",
        "Canada": "na",
        "Mexico": "na",
        "Greenland": "na",
        "Guatemala": "ca",
        "Belize": "ca",
        "Honduras": "ca",
        "El Salvador": "ca",
        "Nicaragua": "ca",
        "Costa Rica": "ca",
        "Panama": "ca",
        "Cuba": "ca",
        "Jamaica": "ca",
        "Haiti": "ca",
        "Dominican Republic": "ca",
        "Dominican Rep.": "ca",
        "Puerto Rico": "ca",
        "Bahamas": "ca",
        "Barbados": "ca",
        "Saint Lucia": "ca",
        "St. Lucia": "ca",
        "Grenada": "ca",
        "Saint Vincent and the Grenadines": "ca",
        "St. Vincent and the Grenadines": "ca",
        "Antigua and Barbuda": "ca",
        "Dominica": "ca",
        "Saint Kitts and Nevis": "ca",
        "St. Kitts and Nevis": "ca",
        "Trinidad and Tobago": "ca",
        "Brazil": "sa",
        "Argentina": "sa",
        "Chile": "sa",
        "Colombia": "sa",
        "Peru": "sa",
        "Venezuela": "sa",
        "Ecuador": "sa",
        "Bolivia": "sa",
        "Paraguay": "sa",
        "Uruguay": "sa",
        "Guyana": "sa",
        "Suriname": "sa",
        "French Guiana": "sa",
        "United Kingdom": "eu",
        "France": "eu",
        "Germany": "eu",
        "Spain": "eu",
        "Italy": "eu",
        "Poland": "eu",
        "Ukraine": "eu",
        "Romania": "eu",
        "Netherlands": "eu",
        "Belgium": "eu",
        "Greece": "eu",
        "Portugal": "eu",
        "Sweden": "eu",
        "Austria": "eu",
        "Switzerland": "eu",
        "Norway": "eu",
        "Denmark": "eu",
        "Finland": "eu",
        "Ireland": "eu",
        "Russia": "eu",
        "Iceland": "eu",
        "Czech Republic": "eu",
        "Czechia": "eu",
        "Hungary": "eu",
        "Slovakia": "eu",
        "Bulgaria": "eu",
        "Serbia": "eu",
        "Croatia": "eu",
        "Bosnia and Herzegovina": "eu",
        "Bosnia and Herz.": "eu",
        "Slovenia": "eu",
        "Lithuania": "eu",
        "Latvia": "eu",
        "Estonia": "eu",
        "North Macedonia": "eu",
        "Macedonia": "eu",
        "Albania": "eu",
        "Montenegro": "eu",
        "Kosovo": "eu",
        "Moldova": "eu",
        "Belarus": "eu",
        "Luxembourg": "eu",
        "Malta": "eu",
        "Cyprus": "eu",
        "Andorra": "eu",
        "Monaco": "eu",
        "Liechtenstein": "eu",
        "San Marino": "eu",
        "Vatican": "eu",
        "Vatican City": "eu",
        "South Africa": "af",
        "Egypt": "af",
        "Nigeria": "af",
        "Ethiopia": "af",
        "Kenya": "af",
        "Tanzania": "af",
        "Algeria": "af",
        "Morocco": "af",
        "Ghana": "af",
        "Mozambique": "af",
        "Madagascar": "af",
        "Cameroon": "af",
        "Angola": "af",
        "Sudan": "af",
        "Uganda": "af",
        "Libya": "af",
        "Tunisia": "af",
        "Zimbabwe": "af",
        "Zambia": "af",
        "Mali": "af",
        "Niger": "af",
        "Chad": "af",
        "Somalia": "af",
        "Somaliland": "af",
        "Senegal": "af",
        "Guinea": "af",
        "Gambia": "af",
        "Rwanda": "af",
        "Benin": "af",
        "Burundi": "af",
        "South Sudan": "af",
        "Togo": "af",
        "Sierra Leone": "af",
        "Liberia": "af",
        "Mauritania": "af",
        "Eritrea": "af",
        "Namibia": "af",
        "Botswana": "af",
        "Gabon": "af",
        "Lesotho": "af",
        "Guinea-Bissau": "af",
        "Equatorial Guinea": "af",
        "Eq. Guinea": "af",
        "Mauritius": "af",
        "Eswatini": "af",
        "Djibouti": "af",
        "Comoros": "af",
        "Cape Verde": "af",
        "Sao Tome and Principe": "af",
        "Seychelles": "af",
        "Burkina Faso": "af",
        "Central African Republic": "af",
        "Central African Rep.": "af",
        "Congo": "af",
        "Dem. Rep. Congo": "af",
        "Democratic Republic of the Congo": "af",
        "Ivory Coast": "af",
        "Côte d'Ivoire": "af",
        "Malawi": "af",
        "S. Sudan": "af",
        "China": "asia",
        "India": "asia",
        "Indonesia": "asia",
        "Pakistan": "asia",
        "Bangladesh": "asia",
        "Japan": "asia",
        "Philippines": "asia",
        "Vietnam": "asia",
        "Thailand": "asia",
        "Myanmar": "asia",
        "South Korea": "asia",
        "Afghanistan": "asia",
        "Malaysia": "asia",
        "Nepal": "asia",
        "Sri Lanka": "asia",
        "Mongolia": "asia",
        "North Korea": "asia",
        "Cambodia": "asia",
        "Laos": "asia",
        "Singapore": "asia",
        "Brunei": "asia",
        "Timor-Leste": "asia",
        "East Timor": "asia",
        "Bhutan": "asia",
        "Maldives": "asia",
        "Taiwan": "asia",
        "Turkey": "middleeast",
        "Iran": "middleeast",
        "Saudi Arabia": "middleeast",
        "Iraq": "middleeast",
        "Syria": "middleeast",
        "Lebanon": "middleeast",
        "Jordan": "middleeast",
        "Israel": "middleeast",
        "Palestine": "middleeast",
        "Yemen": "middleeast",
        "Oman": "middleeast",
        "United Arab Emirates": "middleeast",
        "Kuwait": "middleeast",
        "Bahrain": "middleeast",
        "Qatar": "middleeast",
        "Azerbaijan": "middleeast",
        "Armenia": "middleeast",
        "Georgia": "middleeast",
        "Kazakhstan": "middleeast",
        "Uzbekistan": "middleeast",
        "Turkmenistan": "middleeast",
        "Tajikistan": "middleeast",
        "Kyrgyzstan": "middleeast",
        "Australia": "oceania",
        "Papua New Guinea": "oceania",
        "New Zealand": "oceania",
        "Fiji": "oceania",
        "Solomon Islands": "oceania",
        "Vanuatu": "oceania",
        "Samoa": "oceania",
        "Tonga": "oceania",
        "Kiribati": "oceania",
        "Micronesia": "oceania",
        "Palau": "oceania",
        "Marshall Islands": "oceania",
        "Nauru": "oceania",
        "Tuvalu": "oceania",
        "New Caledonia": "oceania",
        "French Polynesia": "oceania"
    },
    "continentNames": {
        "na": "North America",
        "ca": "Central America",
        "sa": "South America",
        "eu": "Europe",
        "af": "Africa",
        "asia": "Asia",
        "middleeast": "Middle East",
        "oceania": "Oceania"
    }
}
